{"priors": {"0": 0.3311036789297659, "1": 0.6688963210702341}, "cond_params": {"0": {"tmv": [0.017844158993527193, 0.013379974873976292], "tlen": [4.313131313131313, 2.2968861866609833]}, "1": {"tmv": [0.014860074729875964, 0.010511126016445133], "tlen": [5.8075, 3.725646755933793]}}}